City_ID,City,Country,Date,Lat,Lng,Max Temp,Humidity,Cloudiness,Wind Speed
0,Rikitea,PF,2021-10-17 23:45:13,-23.1203,-134.9692,75.51,76,6,13.65
1,Albany,US,2021-10-17 23:40:32,42.6001,-73.9662,51.75,77,99,1.01
2,Lorengau,PG,2021-10-17 23:45:13,-2.0226,147.2712,85.86,66,55,10.0
3,Jamestown,US,2021-10-17 23:40:35,42.097,-79.2353,53.19,88,75,7.0
4,Boyolangu,ID,2021-10-17 23:45:14,-8.1181,111.8935,80.89,75,48,1.14
5,Santa Rosa,PH,2021-10-17 23:40:33,14.3122,121.1114,80.11,87,98,12.59
6,Kotaparh,IN,2021-10-17 23:45:14,19.15,82.35,71.31,95,99,4.68
7,Sinnamary,GF,2021-10-17 23:45:15,5.3833,-52.95,79.48,87,51,8.5
8,Vaini,TO,2021-10-17 23:45:15,-21.2,-175.2,80.76,83,40,11.5
9,Chapais,CA,2021-10-17 23:45:16,49.7834,-74.8492,38.98,89,100,5.75
10,Puerto Ayora,EC,2021-10-17 23:45:16,-0.7393,-90.3518,70.56,91,96,10.0
11,Antofagasta,CL,2021-10-17 23:45:06,-23.65,-70.4,58.28,81,46,5.75
12,Bengkulu,ID,2021-10-17 23:45:17,-3.8004,102.2655,74.55,95,100,6.89
13,Fukue,JP,2021-10-17 23:45:17,32.6881,128.8419,62.96,67,40,8.05
14,Waingapu,ID,2021-10-17 23:45:18,-9.6567,120.2641,84.63,69,52,9.91
15,Dombarovskiy,RU,2021-10-17 23:45:18,50.7587,59.5386,48.07,42,98,8.39
16,Olinda,BR,2021-10-17 23:45:19,-8.0089,-34.8553,80.33,69,75,11.5
17,Hermanus,ZA,2021-10-17 23:45:19,-34.4187,19.2345,53.91,70,45,6.51
18,Mataura,NZ,2021-10-17 23:45:20,-46.1927,168.8643,54.5,75,89,6.08
19,Severo-Kurilsk,RU,2021-10-17 23:45:20,50.6789,156.125,40.21,78,39,43.66
20,Murgab,TM,2021-10-17 23:45:20,37.4966,61.9714,46.27,57,0,4.61
21,Auki,SB,2021-10-17 23:45:21,-8.7676,160.7034,87.3,60,79,2.91
22,Rudbar,AF,2021-10-17 23:45:21,30.15,62.6,57.38,21,0,2.98
23,Bredasdorp,ZA,2021-10-17 23:45:22,-34.5322,20.0403,44.28,71,42,2.68
24,Ambilobe,MG,2021-10-17 23:45:22,-13.2,49.05,71.82,69,1,5.48
25,Rochegda,RU,2021-10-17 23:45:22,62.8,43.25,36.34,95,100,10.58
26,New Norfolk,AU,2021-10-17 23:45:23,-42.7826,147.0587,57.76,50,100,3.6
27,Souillac,MU,2021-10-17 23:45:23,-20.5167,57.5167,73.78,78,75,12.66
28,Atuona,PF,2021-10-17 23:45:23,-9.8,-139.0333,78.3,74,81,17.83
29,Santa Vitoria Do Palmar,BR,2021-10-17 23:45:24,-33.5189,-53.3681,52.21,71,2,6.62
30,Madang,PG,2021-10-17 23:45:24,-5.2246,145.7966,82.74,72,96,0.94
31,Alofi,NU,2021-10-17 23:40:43,-19.0595,-169.9187,82.29,65,48,14.97
32,Ancud,CL,2021-10-17 23:45:25,-41.8697,-73.8203,53.13,78,51,2.8
33,Ushuaia,AR,2021-10-17 23:42:02,-54.8,-68.3,51.46,58,75,8.05
34,Hilo,US,2021-10-17 23:45:25,19.7297,-155.09,80.33,70,75,5.75
35,Hoi An,VN,2021-10-17 23:45:26,15.8794,108.335,76.96,88,100,1.07
36,Flinders,AU,2021-10-17 23:43:18,-34.5833,150.8552,72.37,59,28,3.0
37,Buin,CL,2021-10-17 23:45:27,-33.7333,-70.75,73.72,40,0,6.35
38,Japura,ID,2021-10-17 23:45:27,-0.3167,102.35,74.93,97,100,1.1
39,Rocha,UY,2021-10-17 23:45:28,-34.4833,-54.3333,49.23,74,47,6.62
40,Esperance,AU,2021-10-17 23:45:28,-33.8667,121.9,60.64,75,1,6.11
41,Ponta Do Sol,PT,2021-10-17 23:45:29,32.6667,-17.1,74.71,62,70,2.86
42,Chapada Dos Guimaraes,BR,2021-10-17 23:45:29,-15.4606,-55.7497,78.46,64,96,2.57
43,Leon,MX,2021-10-17 23:42:25,21.1167,-101.6667,75.25,44,50,3.47
44,Fort Nelson,CA,2021-10-17 23:45:29,58.8053,-122.7002,36.99,81,40,3.44
45,Miranda,CO,2021-10-17 23:45:30,3.2499,-76.2281,68.13,98,99,1.34
46,Mareeba,AU,2021-10-17 23:45:30,-17.0,145.4333,88.32,40,40,4.45
47,Butaritari,KI,2021-10-17 23:45:31,3.0707,172.7902,81.46,73,10,12.44
48,Khatanga,RU,2021-10-17 23:45:31,71.9667,102.5,32.9,99,100,11.59
49,Adolfo Lopez Mateos,MX,2021-10-17 23:45:31,28.4667,-107.3,68.81,39,74,16.02
50,Chipinge,ZW,2021-10-17 23:45:32,-20.1883,32.6236,62.92,86,70,4.88
51,Tukrah,LY,2021-10-17 23:45:32,32.5341,20.5791,68.0,63,71,1.68
52,Hami,CN,2021-10-17 23:45:33,42.8,93.45,49.84,27,0,8.23
53,Hithadhoo,MV,2021-10-17 23:45:33,-0.6,73.0833,81.19,78,82,11.59
54,Saint-Philippe,RE,2021-10-17 23:45:33,-21.3585,55.7679,71.15,81,47,12.59
55,Busselton,AU,2021-10-17 23:45:34,-33.65,115.3333,60.04,73,12,12.71
56,Qaanaaq,GL,2021-10-17 23:45:34,77.484,-69.3632,23.22,77,100,12.08
57,Honiara,SB,2021-10-17 23:45:35,-9.4333,159.95,85.87,68,75,4.32
58,Provideniya,RU,2021-10-17 23:45:35,64.3833,-173.3,28.51,54,75,11.18
59,Jiuquan,CN,2021-10-17 23:45:36,39.7432,98.5174,42.42,27,28,4.81
60,Torbay,CA,2021-10-17 23:45:36,47.6666,-52.7314,43.29,94,90,4.61
61,Ostrovnoy,RU,2021-10-17 23:45:37,68.0531,39.5131,39.7,79,98,7.45
62,Juneau,US,2021-10-17 23:45:37,58.3019,-134.4197,42.8,74,40,0.0
63,Pio Ix,BR,2021-10-17 23:45:37,-6.8375,-40.5792,84.38,28,92,5.3
64,North Myrtle Beach,US,2021-10-17 23:45:38,33.816,-78.68,62.69,55,1,4.61
65,Hobart,AU,2021-10-17 23:45:38,-42.8794,147.3294,59.11,60,75,4.0
66,Mehamn,NO,2021-10-17 23:45:38,71.0357,27.8492,33.93,87,100,28.63
67,Avarua,CK,2021-10-17 23:45:39,-21.2078,-159.775,78.85,78,82,8.05
68,Victoria,HK,2021-10-17 23:45:11,22.2855,114.1577,72.32,80,91,3.0
69,Vila Velha,BR,2021-10-17 23:45:39,-20.3297,-40.2925,71.55,88,75,8.05
70,Atar,MR,2021-10-17 23:45:40,20.5169,-13.0499,87.75,10,100,4.29
71,Kushima,JP,2021-10-17 23:45:40,31.4583,131.2333,59.04,56,98,8.34
72,Margate,GB,2021-10-17 23:45:40,51.3813,1.3862,57.31,76,7,1.99
73,Bambous Virieux,MU,2021-10-17 23:45:41,-20.3428,57.7575,73.65,78,75,12.66
74,Zeven,DE,2021-10-17 23:45:41,53.3,9.2833,50.9,70,100,10.76
75,Salalah,OM,2021-10-17 23:45:42,17.0151,54.0924,77.09,83,75,2.3
76,Aklavik,CA,2021-10-17 23:45:42,68.2191,-135.0107,27.43,76,16,8.97
77,Airai,TL,2021-10-17 23:45:43,-8.9266,125.4092,71.58,61,30,0.89
78,Puerto Ayacucho,VE,2021-10-17 23:45:43,5.6639,-67.6236,78.19,86,93,2.17
79,Dikson,RU,2021-10-17 23:45:43,73.5069,80.5464,31.06,99,100,4.03
80,Srednekolymsk,RU,2021-10-17 23:45:44,67.45,153.6833,8.02,92,95,4.09
81,Cullinan,ZA,2021-10-17 23:45:44,-25.6709,28.5236,60.82,66,87,11.21
82,Mantua,IT,2021-10-17 23:45:45,45.1667,10.7833,52.7,89,5,2.24
83,Cockburn Town,TC,2021-10-17 23:41:47,21.4612,-71.1419,82.36,78,40,2.3
84,Iqaluit,CA,2021-10-17 23:45:45,63.7506,-68.5145,33.53,86,75,15.01
85,Bijie,CN,2021-10-17 23:45:46,27.3125,105.2942,48.38,95,100,3.11
86,Barrow,US,2021-10-17 23:45:46,71.2906,-156.7887,19.42,73,90,3.44
87,Fort Saint James,CA,2021-10-17 23:45:46,54.4333,-124.25,38.97,77,100,3.49
88,Georgetown,MY,2021-10-17 23:41:16,5.4112,100.3354,78.89,89,40,0.0
89,Scarborough,GB,2021-10-17 23:45:47,54.2797,-0.4044,57.9,88,89,3.0
90,Punta Arenas,CL,2021-10-17 23:45:47,-53.15,-70.9167,50.11,71,0,23.02
91,Port Elizabeth,ZA,2021-10-17 23:44:15,-33.918,25.5701,52.11,93,75,9.22
92,Bethanien,NA,2021-10-17 23:45:48,-26.502,17.1583,53.64,21,42,6.08
93,Baijiantan,CN,2021-10-17 23:45:48,45.6333,85.1833,48.31,36,1,5.28
94,San Patricio,US,2021-10-17 23:45:49,28.017,-97.5169,75.06,49,100,7.14
95,Diplo,PK,2021-10-17 23:45:49,24.4667,69.584,78.42,23,19,11.25
96,Bethel,US,2021-10-17 23:45:49,41.3712,-73.414,56.64,79,1,5.75
97,Victor Harbor,AU,2021-10-17 23:45:50,-35.5667,138.6167,73.8,74,42,1.01
98,Vila Franca Do Campo,PT,2021-10-17 23:45:50,37.7167,-25.4333,72.01,91,100,15.59
99,Quatre Cocos,MU,2021-10-17 23:45:51,-20.2078,57.7625,73.51,73,42,14.09
100,Safita,SY,2021-10-17 23:45:51,34.8205,36.1153,69.78,67,70,15.93
101,Oistins,BB,2021-10-17 23:45:51,13.0667,-59.5333,80.69,83,20,8.05
102,Bluff,NZ,2021-10-17 23:45:52,-46.6,168.3333,52.92,60,77,12.75
103,Fort Wellington,GY,2021-10-17 23:45:52,6.4,-57.6,80.96,78,98,9.4
104,Guerrero Negro,MX,2021-10-17 23:45:53,27.9769,-114.0611,73.35,51,100,11.79
105,Roebourne,AU,2021-10-17 23:45:53,-20.7833,117.1333,73.98,43,6,8.23
106,Nikolskoye,RU,2021-10-17 23:45:53,59.7035,30.7861,42.03,80,82,10.42
107,Kapaa,US,2021-10-17 23:45:54,22.0752,-159.319,84.18,72,75,4.0
108,Peterhead,GB,2021-10-17 23:45:54,57.5058,-1.7981,54.0,97,100,20.22
109,Batagay-Alyta,RU,2021-10-17 23:45:55,67.8006,130.4114,-4.0,83,43,3.18
110,Oktyabrskoye,RU,2021-10-17 23:45:55,43.0645,44.7417,48.34,93,100,6.71
111,Saint-Joseph,RE,2021-10-17 23:45:56,-21.3667,55.6167,70.16,77,20,8.08
112,Porangatu,BR,2021-10-17 23:45:56,-13.4408,-49.1486,82.08,50,83,2.71
113,Makakilo City,US,2021-10-17 23:45:56,21.3469,-158.0858,84.52,51,20,11.5
114,Maues,BR,2021-10-17 23:45:57,-3.3836,-57.7186,74.1,98,91,7.0
115,Wuda,CN,2021-10-17 23:45:57,39.4994,106.7117,45.23,41,64,5.75
116,Odweyne,SO,2021-10-17 23:45:57,9.4092,45.064,75.06,31,97,9.01
117,Portland,US,2021-10-17 23:45:11,45.5234,-122.6762,65.89,75,75,1.99
118,Cabo San Lucas,MX,2021-10-17 23:43:12,22.8909,-109.9124,88.11,54,1,11.5
119,Butajira,ET,2021-10-17 23:45:58,8.1167,38.3667,56.14,49,3,5.48
120,Pedernales,DO,2021-10-17 23:45:59,18.0384,-71.744,82.18,77,96,0.29
121,Grand Baie,MU,2021-10-17 23:45:59,-20.0182,57.5802,73.87,78,18,5.99
122,Susanville,US,2021-10-17 23:45:59,40.4163,-120.653,59.83,28,1,15.99
123,Kodiak,US,2021-10-17 23:46:00,57.79,-152.4072,44.28,97,100,29.33
124,Gravdal,NO,2021-10-17 23:46:00,68.1214,13.5031,41.13,66,100,23.76
125,Komsomolskiy,UZ,2021-10-17 23:46:00,40.4272,71.7189,50.72,62,100,4.61
126,Harper,LR,2021-10-17 23:46:01,4.375,-7.7169,78.17,87,25,8.48
127,Jodar,ES,2021-10-17 23:46:02,37.8406,-3.3526,67.98,58,86,1.54
128,Mar Del Plata,AR,2021-10-17 23:46:02,-38.0023,-57.5575,55.09,17,0,1.99
129,Port Alfred,ZA,2021-10-17 23:46:02,-33.5906,26.891,54.82,70,69,10.22
130,Geraldton,AU,2021-10-17 23:46:03,-28.7667,114.6,59.41,72,0,12.66
131,Faanui,PF,2021-10-17 23:46:03,-16.4833,-151.75,80.17,78,10,16.98
132,Xining,CN,2021-10-17 23:46:04,36.6167,101.7667,41.13,80,21,1.61
133,Luanda,AO,2021-10-17 23:41:57,-8.8368,13.2343,75.2,83,75,3.44
134,Raisen,IN,2021-10-17 23:46:04,23.3333,77.8,74.32,92,83,2.59
135,Maracacume,BR,2021-10-17 23:46:05,-2.0428,-45.9592,74.48,90,73,3.15
136,Yulara,AU,2021-10-17 23:46:05,-25.2406,130.9889,84.04,17,7,10.36
137,Clinton,US,2021-10-17 23:42:17,42.587,-82.9199,59.94,56,20,5.99
138,Robat Karim,IR,2021-10-17 23:46:06,35.4846,51.0829,64.26,25,0,9.22
139,Luang Prabang,LA,2021-10-17 23:46:06,19.8856,102.1347,66.92,99,99,2.17
140,Safranbolu,TR,2021-10-17 23:46:07,41.2508,32.6942,53.91,90,96,2.28
141,Ilulissat,GL,2021-10-17 23:46:07,69.2167,-51.1,15.82,32,1,34.52
142,Kuznetsk,RU,2021-10-17 23:46:08,53.1167,46.6004,46.49,84,100,3.42
143,Nyurba,RU,2021-10-17 23:46:08,63.2842,118.3319,22.91,93,100,11.03
144,Saint-Augustin,CA,2021-10-17 23:46:08,51.226,-58.6502,42.93,83,98,16.46
145,Merauke,ID,2021-10-17 23:46:09,-8.4667,140.3333,84.76,69,37,7.58
146,Mount Gambier,AU,2021-10-17 23:46:09,-37.8333,140.7667,57.11,67,40,14.97
147,Maracaju,BR,2021-10-17 23:46:10,-21.6144,-55.1683,71.06,89,92,11.68
148,Camalu,MX,2021-10-17 23:46:10,30.85,-116.0667,71.42,58,46,10.67
149,Punjai Puliyampatti,IN,2021-10-17 23:46:10,11.35,77.2,76.24,88,94,3.36
150,Camopi,GF,2021-10-17 23:46:11,3.1655,-52.3158,72.16,99,100,1.79
151,Sobolevo,RU,2021-10-17 23:46:12,54.4299,31.8996,41.38,85,97,12.1
152,Tuktoyaktuk,CA,2021-10-17 23:46:12,69.4541,-133.0374,26.6,93,75,8.05
153,Chuy,UY,2021-10-17 23:46:13,-33.6971,-53.4616,51.51,73,5,6.69
154,Gazanjyk,TM,2021-10-17 23:46:13,39.2446,55.5154,54.18,20,0,12.55
155,Port-Gentil,GA,2021-10-17 23:46:13,-0.7193,8.7815,78.76,83,40,8.05
156,Shingu,JP,2021-10-17 23:46:14,33.7333,135.9833,58.19,69,76,5.17
157,Nabire,ID,2021-10-17 23:46:14,-3.3667,135.4833,84.9,62,71,0.87
158,Ambunti,PG,2021-10-17 23:46:15,-4.2365,142.8448,75.63,95,96,0.54
159,Avera,US,2021-10-17 23:46:15,33.194,-82.5271,61.48,50,0,5.59
160,Muros,ES,2021-10-17 23:46:16,42.7762,-9.0603,69.98,95,100,8.77
161,Sitka,US,2021-10-17 23:46:16,57.0531,-135.33,46.29,66,75,9.22
162,Vytegra,RU,2021-10-17 23:46:16,61.0064,36.4481,39.07,78,89,14.25
163,Chara,RU,2021-10-17 23:46:17,56.9064,118.2631,17.13,68,58,1.88
164,San Cristobal,VE,2021-10-17 23:46:17,7.7669,-72.225,75.38,92,98,2.91
165,Batemans Bay,AU,2021-10-17 23:46:18,-35.7167,150.1833,72.19,36,2,1.79
166,Marang,MY,2021-10-17 23:46:18,5.2056,103.2059,76.93,83,100,3.29
167,Mattawa,US,2021-10-17 23:46:19,46.7379,-119.9028,66.7,32,99,1.52
168,Fenton,US,2021-10-17 23:46:19,42.7978,-83.7049,57.43,59,1,1.99
169,Masty,BY,2021-10-17 23:46:19,53.4122,24.5387,41.0,81,100,9.01
170,Adrar,MR,2021-10-17 23:43:11,20.5022,-10.0711,84.87,12,91,8.43
171,Buraydah,SA,2021-10-17 23:46:20,26.326,43.975,79.25,29,0,6.42
172,Drovyanaya,RU,2021-10-17 23:46:20,51.5833,113.0333,20.71,87,21,2.42
173,Alvinopolis,BR,2021-10-17 23:46:21,-20.1067,-43.0489,69.51,94,100,2.89
174,Hasaki,JP,2021-10-17 23:46:21,35.7333,140.8333,57.6,58,91,17.85
175,Longyearbyen,SJ,2021-10-17 23:46:21,78.2186,15.6401,12.33,86,23,1.99
176,Thompson,CA,2021-10-17 23:46:05,55.7435,-97.8558,50.16,57,75,4.61
177,Mahebourg,MU,2021-10-17 23:46:22,-20.4081,57.7,73.69,78,75,12.66
178,Tura,IN,2021-10-17 23:46:22,25.5198,90.2201,72.0,87,99,3.38
179,Kaitangata,NZ,2021-10-17 23:46:23,-46.2817,169.8464,50.47,92,100,8.37
180,Marzuq,YE,2021-10-17 23:46:23,14.4,46.4667,73.9,38,100,1.99
181,Roald,NO,2021-10-17 23:46:23,62.5833,6.1333,39.33,93,20,8.05
182,Bitung,ID,2021-10-17 23:46:24,1.4451,125.1824,81.45,74,99,4.45
183,Langxiang,CN,2021-10-17 23:46:24,46.95,128.8833,28.74,40,100,2.46
184,Luzino,RU,2021-10-17 23:46:24,54.9481,73.0353,31.77,93,31,2.24
185,Castro,BR,2021-10-17 23:46:25,-24.7911,-50.0119,56.59,98,100,8.37
186,Beihai,CN,2021-10-17 23:46:25,21.4833,109.1,66.27,81,100,17.11
187,Sao Joao Da Barra,BR,2021-10-17 23:46:26,-21.6403,-41.0511,70.5,91,100,8.77
188,Kulhudhuffushi,MV,2021-10-17 23:46:26,6.6221,73.07,82.09,75,100,19.33
189,Saskylakh,RU,2021-10-17 23:46:27,71.9167,114.0833,17.64,95,100,9.48
190,Olinala,MX,2021-10-17 23:46:27,17.8333,-98.85,71.22,62,85,2.84
191,Ballina,AU,2021-10-17 23:46:27,-28.8667,153.5667,73.78,64,99,12.66
192,Arraial Do Cabo,BR,2021-10-17 23:46:28,-22.9661,-42.0278,69.89,87,100,7.0
193,Ribeira Grande,PT,2021-10-17 23:46:28,38.5167,-28.7,69.73,87,23,16.69
194,Bosansko Grahovo,BA,2021-10-17 23:45:05,44.1794,16.3639,45.86,87,2,3.67
195,Mount Isa,AU,2021-10-17 23:46:29,-20.7333,139.5,89.37,12,23,12.66
196,Progreso,MX,2021-10-17 23:46:29,21.2833,-89.6667,84.31,76,45,13.11
197,Yellowknife,CA,2021-10-17 23:46:09,62.456,-114.3525,36.41,95,90,9.22
198,Entre Rios,BR,2021-10-17 23:46:29,-11.9419,-38.0844,68.49,94,95,3.6
199,Anadyr,RU,2021-10-17 23:46:30,64.75,177.4833,27.1,86,75,17.0
200,Acapulco,MX,2021-10-17 23:46:30,16.8634,-99.8901,82.29,84,52,7.96
201,Grindavik,IS,2021-10-17 23:46:31,63.8424,-22.4338,39.67,93,75,23.02
202,Omboue,GA,2021-10-17 23:46:31,-1.5746,9.2618,75.38,87,89,6.29
203,Hovd,MN,2021-10-17 23:46:32,48.0056,91.6419,31.86,51,0,1.99
204,Dingle,PH,2021-10-17 23:46:32,10.9995,122.6711,81.66,86,36,7.29
205,Maneadero,MX,2021-10-17 23:42:20,31.7167,-116.5667,71.19,76,10,1.01
206,Camacha,PT,2021-10-17 23:46:32,33.0833,-16.3333,69.53,88,40,4.61
207,Hobyo,SO,2021-10-17 23:46:33,5.3505,48.5268,78.49,83,100,15.88
208,Tiarei,PF,2021-10-17 23:46:33,-17.5333,-149.3333,86.02,79,60,20.51
209,Pryozerne,UA,2021-10-17 23:46:34,45.2698,36.3303,55.11,79,48,9.26
210,Inverell,AU,2021-10-17 23:46:34,-29.7833,151.1167,66.67,66,100,1.99
211,Namatanai,PG,2021-10-17 23:46:35,-3.6667,152.4333,86.07,62,40,8.01
212,Dakar,SN,2021-10-17 23:41:54,14.6937,-17.4441,82.53,83,73,0.0
213,Zhezkazgan,KZ,2021-10-17 23:46:35,47.8043,67.7144,42.58,44,8,9.42
214,Nemuro,JP,2021-10-17 23:41:47,43.3236,145.575,45.0,62,3,9.46
215,Chirongui,YT,2021-10-17 23:46:35,-12.9319,45.1483,78.73,76,8,14.36
216,Nanortalik,GL,2021-10-17 23:46:36,60.1432,-45.2371,35.28,89,99,1.36
217,East London,ZA,2021-10-17 23:46:37,-33.0153,27.9116,55.18,68,24,12.77
218,Broken Hill,AU,2021-10-17 23:46:37,-31.95,141.4333,73.11,21,77,10.36
219,Lebu,CL,2021-10-17 23:46:38,-37.6167,-73.65,51.39,85,0,18.86
220,Serebryanyy Bor,RU,2021-10-17 23:46:38,56.8,124.8,16.25,85,100,8.9
221,Poum,NC,2021-10-17 23:46:38,-20.2333,164.0167,75.67,84,100,6.15
222,Taksimo,RU,2021-10-17 23:46:39,56.3444,114.8794,21.18,74,33,3.67
223,Wencheng,CN,2021-10-17 23:46:39,33.0559,113.7978,53.51,66,96,4.05
224,Maralal,KE,2021-10-17 23:46:40,1.0968,36.698,63.03,67,96,6.53
225,Calama,CL,2021-10-17 23:46:40,-22.4667,-68.9333,64.89,12,0,16.11
226,Tokat,TR,2021-10-17 23:46:40,40.4167,36.5833,44.51,88,65,1.97
227,Kunashak,RU,2021-10-17 23:46:41,55.7032,61.5498,45.12,55,66,7.54
228,Tawang,IN,2021-10-17 23:46:41,27.5833,91.8667,51.06,90,70,3.96
229,Tasiilaq,GL,2021-10-17 23:46:42,65.6145,-37.6368,26.76,44,17,13.73
230,Biala Podlaska,PL,2021-10-17 23:46:42,52.0324,23.1165,45.48,69,100,8.57
231,Cape Town,ZA,2021-10-17 23:45:06,-33.9258,18.4232,54.12,67,0,4.61
232,Tabou,CI,2021-10-17 23:46:43,4.423,-7.3528,78.03,88,13,8.14
233,Ardmore,US,2021-10-17 23:46:43,34.1743,-97.1436,67.64,45,1,5.01
234,Talnakh,RU,2021-10-17 23:46:43,69.4865,88.3972,34.0,100,100,8.01
235,Beringovskiy,RU,2021-10-17 23:46:44,63.05,179.3167,25.61,84,100,2.28
236,Filingue,NE,2021-10-17 23:46:44,14.3521,3.3168,83.82,49,98,9.78
237,Abu Dhabi,AE,2021-10-17 23:45:13,24.4667,54.3667,84.22,79,0,2.3
238,Middelburg,ZA,2021-10-17 23:46:45,-25.7751,29.4648,56.26,78,76,15.55
239,Tres Arroyos,AR,2021-10-17 23:46:45,-38.3739,-60.2798,44.8,83,54,6.24
240,Paez,CO,2021-10-17 23:46:45,5.1011,-73.0512,62.4,93,56,4.54
241,Asosa,ET,2021-10-17 23:46:46,10.0667,34.5333,60.31,76,11,4.52
242,Krasnoselkup,RU,2021-10-17 23:46:46,65.7,82.4667,36.86,94,100,15.23
243,Thomaston,US,2021-10-17 23:46:47,32.8882,-84.3266,61.14,59,1,1.99
244,Katsuura,JP,2021-10-17 23:46:47,35.1333,140.3,61.2,65,71,20.07
245,Morehead,US,2021-10-17 23:45:18,37.2711,-87.1764,59.85,63,1,0.0
246,Namibe,AO,2021-10-17 23:46:48,-15.1961,12.1522,63.88,87,21,6.08
247,Akhaldaba,GE,2021-10-17 23:46:49,41.654,42.1516,52.83,99,98,2.3
248,Luorong,CN,2021-10-17 23:46:49,24.4058,109.6086,58.39,77,85,5.88
249,Saint-Pierre,RE,2021-10-17 23:46:50,-21.3393,55.4781,71.24,71,0,4.61
250,Puerto Del Rosario,ES,2021-10-17 23:46:50,28.5004,-13.8627,71.35,73,8,6.91
251,Ixtapa,MX,2021-10-17 23:46:51,20.7,-105.2,85.23,74,75,9.22
252,Pangoa,PE,2021-10-17 23:46:51,-12.1167,-73.0,69.51,98,100,1.77
253,Pringsewu,ID,2021-10-17 23:46:52,-5.3582,104.9744,77.5,89,91,0.54
254,Cidreira,BR,2021-10-17 23:46:52,-30.1811,-50.2056,60.87,78,45,11.27
255,Klaksvik,FO,2021-10-17 23:46:53,62.2266,-6.589,47.32,79,100,26.91
256,Chokurdakh,RU,2021-10-17 23:46:53,70.6333,147.9167,-8.32,100,92,2.39
257,Orlik,RU,2021-10-17 23:46:54,52.5178,99.825,23.02,65,1,2.71
258,Deputatskiy,RU,2021-10-17 23:46:54,69.3,139.9,-11.31,98,68,2.64
259,Tanhacu,BR,2021-10-17 23:46:54,-14.0214,-41.2481,76.33,57,69,9.98
260,Padang,ID,2021-10-17 23:46:55,-0.9492,100.3543,78.22,86,100,1.61
261,Bitam,GA,2021-10-17 23:46:55,2.076,11.5007,67.6,100,100,2.62
262,Kavaratti,IN,2021-10-17 23:46:55,10.5669,72.642,81.39,78,97,15.46
263,Lethem,GY,2021-10-17 23:46:56,3.3803,-59.7968,83.12,59,85,6.73
264,Kodinsk,RU,2021-10-17 23:46:56,58.6881,99.1844,28.26,94,37,3.38
265,Nova Granada,BR,2021-10-17 23:46:57,-20.5339,-49.3142,82.65,66,79,6.55
266,Mango,US,2021-10-17 23:46:57,27.9797,-82.3065,80.02,67,1,0.0
267,Kholodnyy,RU,2021-10-17 23:46:57,62.7167,147.95,1.47,82,30,8.39
268,Chumikan,RU,2021-10-17 23:46:58,54.7183,135.315,22.5,63,6,16.51
269,Tiksi,RU,2021-10-17 23:46:58,71.6872,128.8694,11.03,89,100,10.45
270,Walvis Bay,NA,2021-10-17 23:46:58,-22.9575,14.5053,54.55,82,57,14.97
271,Yazman,PK,2021-10-17 23:46:59,29.1212,71.7446,77.67,63,0,5.55
272,Kahului,US,2021-10-17 23:43:00,20.8947,-156.47,84.22,68,40,24.16
273,Craig,US,2021-10-17 23:46:59,40.5153,-107.5464,67.62,24,1,16.11
274,Suez,EG,2021-10-17 23:47:00,29.9737,32.5263,69.89,74,99,8.16
275,Ishimbay,RU,2021-10-17 23:47:00,53.4545,56.0415,48.52,51,100,7.18
276,Arlit,NE,2021-10-17 23:47:00,18.7369,7.3853,87.03,27,96,0.94
277,Fortuna,US,2021-10-17 23:47:01,40.5982,-124.1573,51.93,75,75,1.99
278,Florida,US,2021-10-17 23:45:17,28.7505,-82.5001,75.97,70,1,0.0
279,Imbituba,BR,2021-10-17 23:47:02,-28.24,-48.6703,60.69,91,100,4.34
280,Kruisfontein,ZA,2021-10-17 23:47:02,-34.0033,24.7314,49.89,77,94,6.6
281,Hofn,IS,2021-10-17 23:47:02,64.2539,-15.2082,37.49,97,100,27.58
282,Yumen,CN,2021-10-17 23:47:03,40.2833,97.2,40.21,28,73,2.15
283,Hayden,US,2021-10-17 23:43:19,47.766,-116.7866,70.36,37,1,0.0
284,Bulgan,MN,2021-10-17 23:47:03,48.8125,103.5347,28.94,54,0,1.95
285,Katima Mulilo,NA,2021-10-17 23:47:03,-17.5,24.2667,70.97,15,41,7.18
286,Strathroy,CA,2021-10-17 23:47:04,42.9551,-81.6223,57.38,69,43,13.78
287,Sarangani,PH,2021-10-17 23:47:04,5.4033,125.4636,83.7,77,93,17.69
288,Pevek,RU,2021-10-17 23:47:04,69.7008,170.3133,8.2,94,87,3.78
289,Lufkin,US,2021-10-17 23:42:08,31.3382,-94.7291,73.31,31,1,0.0
290,Yar-Sale,RU,2021-10-17 23:47:05,66.8333,70.8333,40.23,93,100,15.99
291,Upernavik,GL,2021-10-17 23:47:04,72.7868,-56.1549,23.76,53,98,5.93
292,Pisco,PE,2021-10-17 23:47:05,-13.7,-76.2167,62.65,77,0,17.27
293,Alexandria,EG,2021-10-17 23:45:37,31.2156,29.9553,73.36,60,0,5.75
294,Lithgow,AU,2021-10-17 23:47:06,-33.4833,150.15,62.87,30,87,6.53
295,Bayir,TR,2021-10-17 23:47:06,37.2687,28.2167,50.52,82,3,3.6
296,Dudinka,RU,2021-10-17 23:47:07,69.4058,86.1778,33.71,99,100,12.57
297,Roblin,CA,2021-10-17 23:47:07,51.23,-101.3565,56.55,39,14,7.7
298,Naze,JP,2021-10-17 23:47:05,28.3667,129.4833,74.32,65,100,12.68
299,Gurupa,BR,2021-10-17 23:47:07,-1.405,-51.64,74.55,83,83,3.15
300,Inirida,CO,2021-10-17 23:47:08,3.8653,-67.9239,74.68,96,92,3.56
301,Sisimiut,GL,2021-10-17 23:47:08,66.9395,-53.6735,27.1,43,2,19.62
302,Aleksandrovskoye,RU,2021-10-17 23:47:08,44.7142,43.0008,53.74,91,100,6.51
303,Kwinana,AU,2021-10-17 23:46:34,-32.25,115.7667,62.24,80,0,9.51
304,Gondar,ET,2021-10-17 23:47:09,12.6,37.4667,54.72,56,17,4.65
305,Ust-Nera,RU,2021-10-17 23:47:09,64.5667,143.2,0.23,94,90,4.38
306,Malpe,IN,2021-10-17 23:47:10,13.35,74.7167,78.1,90,98,1.74
307,West Odessa,US,2021-10-17 23:47:10,31.8424,-102.4988,72.88,22,1,13.8
308,Coahuayana,MX,2021-10-17 23:47:02,18.7333,-103.6833,83.37,80,17,3.62
309,Coihaique,CL,2021-10-17 23:47:10,-45.5752,-72.0662,51.75,58,75,4.61
310,Shelburne,CA,2021-10-17 23:46:06,44.0787,-80.2041,48.18,96,65,12.77
311,Clevelandia,BR,2021-10-17 23:47:11,-26.3958,-52.4708,58.39,97,88,3.69
312,Inongo,CD,2021-10-17 23:47:11,-1.95,18.2667,72.03,91,96,3.69
313,Hadejia,NG,2021-10-17 23:47:12,12.4498,10.0444,82.15,58,13,3.4
314,Kamenka,RU,2021-10-17 23:47:12,51.3223,42.7678,49.12,71,100,5.44
315,Lucapa,AO,2021-10-17 23:47:12,-8.4192,20.7447,68.88,86,90,2.93
316,Carnarvon,AU,2021-10-17 23:45:43,-24.8667,113.6333,64.47,68,90,5.75
317,Axim,GH,2021-10-17 23:47:13,4.8699,-2.2405,77.63,89,44,6.71
318,Port-Cartier,CA,2021-10-17 23:47:13,50.0334,-66.8654,50.22,98,100,9.06
319,Haimen,CN,2021-10-17 23:47:13,23.1935,116.6142,67.89,74,58,9.71
320,El Alto,PE,2021-10-17 23:47:14,-4.2714,-81.2147,63.81,85,57,15.46
321,Aginskoye,RU,2021-10-17 23:47:14,51.1,114.53,24.48,71,3,5.17
322,Andenes,NO,2021-10-17 23:47:15,69.3143,16.1194,38.07,81,75,13.8
323,Nishihara,JP,2021-10-17 23:47:13,26.1842,127.7558,76.28,58,75,16.11
324,La Ronge,CA,2021-10-17 23:47:15,55.1001,-105.2842,57.45,44,75,5.75
325,Itamarandiba,BR,2021-10-17 23:47:16,-17.8572,-42.8589,66.45,93,90,2.59
326,Nova Olimpia,BR,2021-10-17 23:47:16,-14.7972,-57.2881,78.94,76,98,6.24
327,Myitkyina,MM,2021-10-17 23:47:16,25.3833,97.4,70.25,95,36,1.36
328,Tandalti,SD,2021-10-17 23:47:17,13.0167,31.8667,86.99,29,1,4.9
329,Wadi Musa,JO,2021-10-17 23:47:17,30.3222,35.4793,57.11,67,93,2.15
330,Ishigaki,JP,2021-10-17 23:47:18,24.3448,124.1572,71.73,83,75,10.36
331,Aracuai,BR,2021-10-17 23:47:18,-16.8497,-42.0703,80.11,61,94,4.0
332,Lodja,CD,2021-10-17 23:47:19,-3.4833,23.4333,69.37,98,79,2.01
333,Gejiu,CN,2021-10-17 23:47:19,23.306,103.1635,46.42,88,40,0.87
334,Berlevag,NO,2021-10-17 23:47:19,70.8578,29.0864,35.11,84,100,31.74
335,Buchanan,LR,2021-10-17 23:47:08,5.8808,-10.0467,78.33,85,13,7.2
336,Harnosand,SE,2021-10-17 23:47:20,62.6323,17.9379,39.99,62,43,21.68
337,Waipawa,NZ,2021-10-17 23:47:20,-41.4122,175.5153,60.46,61,4,15.99
338,Kangalassy,RU,2021-10-17 23:47:21,62.3464,129.9628,19.33,88,64,5.48
339,Ketchikan,US,2021-10-17 23:47:21,55.3422,-131.6461,45.07,70,20,3.44
340,Ahipara,NZ,2021-10-17 23:47:21,-35.1667,173.1667,65.16,71,9,8.01
341,Belogorsk,RU,2021-10-17 23:47:22,50.9158,128.4611,26.62,40,9,5.66
342,Vostok,RU,2021-10-17 23:47:22,46.4856,135.8833,27.05,39,12,5.14
343,Roma,US,2021-10-17 23:47:22,43.2128,-75.4557,52.38,85,75,11.5
344,Robstown,US,2021-10-17 23:47:23,27.7903,-97.6689,74.98,53,1,5.75
345,Jardim,BR,2021-10-17 23:47:23,-21.4803,-56.1381,72.0,82,100,7.81
346,Bud,US,2021-10-17 23:47:24,39.447,-86.1758,60.89,69,46,6.04
347,Vilhena,BR,2021-10-17 23:47:24,-12.7406,-60.1458,73.62,88,20,12.66
348,Along,IN,2021-10-17 23:47:24,28.1667,94.7667,71.17,98,97,1.92
349,Sur,OM,2021-10-17 23:47:25,22.5667,59.5289,78.3,39,3,2.55
350,Kununurra,AU,2021-10-17 23:45:38,-15.7667,128.7333,89.58,51,98,6.91
351,Matagami,CA,2021-10-17 23:47:25,49.7502,-77.6328,39.31,100,90,10.36
352,Chicama,PE,2021-10-17 23:47:26,-7.8447,-79.1469,59.54,81,80,7.29
353,San Francisco,US,2021-10-17 23:47:24,37.7749,-122.4194,69.39,75,75,5.01
354,Griffith,US,2021-10-17 23:47:26,41.5284,-87.4237,62.71,60,1,0.0
355,Liwale,TZ,2021-10-17 23:47:26,-9.7667,37.9333,65.21,94,19,2.1
356,Viedma,AR,2021-10-17 23:47:27,-40.8135,-62.9967,50.18,61,0,6.38
357,Meulaboh,ID,2021-10-17 23:47:27,4.1363,96.1285,76.8,82,100,0.56
358,Kasongo-Lunda,CD,2021-10-17 23:47:27,-6.4667,16.8167,69.84,95,71,1.21
359,Soe,ID,2021-10-17 23:47:28,-9.8607,124.284,79.92,59,35,2.68
360,Horsham,GB,2021-10-17 23:47:28,51.064,-0.3272,55.94,70,37,3.44
361,Guhagar,IN,2021-10-17 23:47:28,17.4842,73.1929,75.04,88,5,1.59
362,Lavrentiya,RU,2021-10-17 23:46:15,65.5833,-171.0,25.52,68,83,10.65
363,Sechura,PE,2021-10-17 23:47:29,-5.5569,-80.8222,67.84,75,46,17.13
364,Ternate,ID,2021-10-17 23:47:29,0.8,127.4,83.77,73,59,3.31
365,Purpe,RU,2021-10-17 23:47:29,64.4803,76.6897,39.06,92,100,19.22
366,Acton Vale,CA,2021-10-17 23:47:30,45.6501,-72.5658,54.39,73,78,5.46
367,Ellensburg,US,2021-10-17 23:44:48,46.9965,-120.5479,63.37,56,1,0.0
368,Port Blair,IN,2021-10-17 23:47:30,11.6667,92.75,78.84,89,75,2.3
369,Bridgwater,GB,2021-10-17 23:47:31,51.1284,-3.0036,54.7,94,73,7.27
370,Pingliang,CN,2021-10-17 23:47:31,35.5392,106.6861,45.59,72,70,3.11
371,Bollnas,SE,2021-10-17 23:47:31,61.3482,16.3946,36.39,67,0,9.8
372,Cherskiy,RU,2021-10-17 23:47:25,68.75,161.3,-7.22,99,100,2.62
373,Krasnorechenskiy,RU,2021-10-17 23:47:32,44.6265,135.3532,33.91,30,5,3.56
374,Olafsvik,IS,2021-10-17 23:47:32,64.8945,-23.7142,36.36,92,100,21.83
375,Arman,RU,2021-10-17 23:47:32,59.7,150.1667,19.54,43,100,18.16
376,Port Moresby,PG,2021-10-17 23:46:54,-9.4431,147.1797,85.42,74,40,9.22
377,Mutsu,JP,2021-10-17 23:47:33,41.2894,141.2169,48.0,51,56,7.49
378,Bulungu,CD,2021-10-17 23:47:33,-4.55,18.6,70.39,97,100,2.39
379,Huarmey,PE,2021-10-17 23:47:34,-10.0681,-78.1522,64.27,86,70,8.86
380,Mezen,RU,2021-10-17 23:47:34,65.8522,44.24,35.49,97,100,7.54
381,Halifax,CA,2021-10-17 23:43:56,44.6453,-63.5724,64.29,95,100,3.0
382,Touros,BR,2021-10-17 23:47:07,-5.1989,-35.4608,79.7,78,11,14.14
383,Dolores,AR,2021-10-17 23:47:35,-36.3132,-57.6792,52.11,90,81,11.86
384,Gat,IL,2021-10-17 23:47:35,31.61,34.7642,70.39,100,72,2.15
385,Mayahi,NE,2021-10-17 23:47:36,13.9553,7.6712,82.69,44,68,6.29
386,Sosnovo-Ozerskoye,RU,2021-10-17 23:47:36,52.5249,111.5418,19.92,89,16,5.1
387,Baruun-Urt,MN,2021-10-17 23:46:58,46.6806,113.2792,26.67,79,15,5.03
388,Davila,PH,2021-10-17 23:47:37,18.4726,120.5763,76.98,77,82,19.75
389,Impfondo,CG,2021-10-17 23:47:37,1.6381,18.0667,72.5,85,89,1.54
390,Pacific Grove,US,2021-10-17 23:47:38,36.6177,-121.9166,67.8,82,40,8.99
391,Yaan,NG,2021-10-17 23:47:38,7.3833,8.5667,74.37,92,72,6.64
392,Mersing,MY,2021-10-17 23:47:38,2.4312,103.8405,73.31,100,100,4.61
393,Brownwood,US,2021-10-17 23:47:38,31.7093,-98.9912,68.0,37,1,3.44
394,Severomuysk,RU,2021-10-17 23:47:39,56.1481,113.4267,4.33,86,49,3.98
395,Nador,MA,2021-10-17 23:47:39,35.174,-2.9287,62.85,67,0,4.61
396,Norman Wells,CA,2021-10-17 23:47:39,65.282,-126.8329,28.44,86,90,0.0
397,Jalu,LY,2021-10-17 23:47:40,29.0331,21.5482,68.4,44,0,7.38
398,Naron,ES,2021-10-17 23:47:40,43.5167,-8.1528,70.65,95,99,7.05
399,Belmonte,BR,2021-10-17 23:47:41,-15.8631,-38.8828,77.5,85,74,7.34
400,Caravelas,BR,2021-10-17 23:42:57,-17.7125,-39.2481,75.87,80,50,6.91
401,Marystown,CA,2021-10-17 23:47:41,47.1666,-55.1483,49.86,100,99,6.69
402,Kungurtug,RU,2021-10-17 23:47:41,50.5994,97.5228,19.74,86,5,2.46
403,Isangel,VU,2021-10-17 23:47:42,-19.55,169.2667,81.55,76,100,7.45
404,Esso,RU,2021-10-17 23:47:42,55.9333,158.7,30.13,92,95,5.99
405,Richards Bay,ZA,2021-10-17 23:47:42,-28.783,32.0377,59.56,91,100,13.38
406,Lompoc,US,2021-10-17 23:47:43,34.6391,-120.4579,70.79,63,1,8.05
407,Visby,SE,2021-10-17 23:47:43,57.6409,18.296,46.62,53,0,14.97
408,Swellendam,ZA,2021-10-17 23:47:43,-34.0226,20.4417,47.86,81,44,1.81
409,Mountain Home,US,2021-10-17 23:47:44,43.133,-115.6912,74.14,14,1,11.5
410,Kaeo,NZ,2021-10-17 23:47:10,-35.1,173.7833,74.32,66,19,9.13
411,Los Llanos De Aridane,ES,2021-10-17 23:47:44,28.6585,-17.9182,67.75,88,90,4.61
412,Anton Lizardo,MX,2021-10-17 23:47:44,19.05,-95.9833,79.21,80,100,25.9
413,Pimentel,PE,2021-10-17 23:47:45,-6.8367,-79.9342,62.89,77,20,21.85
414,Nikel,RU,2021-10-17 23:47:45,69.4128,30.222,37.58,95,100,27.92
415,Knysna,ZA,2021-10-17 23:47:45,-34.0363,23.0471,48.58,80,71,2.28
416,Phalaborwa,ZA,2021-10-17 23:47:46,-23.943,31.1411,61.88,75,94,14.54
417,Clyde River,CA,2021-10-17 23:47:46,70.4692,-68.5914,28.78,81,98,13.76
418,Clovis,US,2021-10-17 23:47:47,36.8252,-119.7029,83.95,20,75,1.01
419,Palmer,US,2021-10-17 23:47:47,42.1584,-72.3287,54.45,70,57,5.86
420,Goderich,CA,2021-10-17 23:47:47,43.7501,-81.7165,58.91,87,45,3.44
421,Kabompo,ZM,2021-10-17 23:47:48,-13.5927,24.2008,69.58,45,79,3.4
422,Iquitos,PE,2021-10-17 23:47:48,-3.7481,-73.2472,84.24,74,20,2.3
423,Hambantota,LK,2021-10-17 23:47:28,6.1241,81.1185,79.95,79,69,15.12
424,Santa Marta,CO,2021-10-17 23:47:48,11.2408,-74.199,80.65,83,75,6.91
425,Broome,US,2021-10-17 23:47:49,42.2506,-75.833,51.85,75,75,1.01
426,Tupik,RU,2021-10-17 23:47:49,54.4253,119.9327,22.12,79,96,0.98
427,Narsaq,GL,2021-10-17 23:46:58,60.9167,-46.05,34.02,52,61,4.79
428,Ankazobe,MG,2021-10-17 23:47:49,-18.3167,47.1167,52.21,80,0,4.72
429,Campo Verde,BR,2021-10-17 23:47:50,-20.4167,-54.0667,78.01,75,97,4.65
430,Vardo,NO,2021-10-17 23:47:16,70.3705,31.1107,35.8,83,100,36.62
431,Taoudenni,ML,2021-10-17 23:47:50,22.6783,-3.9836,84.87,9,95,11.9
432,Blagoyevo,RU,2021-10-17 23:47:50,63.3667,47.9167,36.88,82,99,11.39
433,Svetlogorsk,BY,2021-10-17 23:47:51,52.6333,29.7333,38.82,82,96,8.21
434,Singapore,SG,2021-10-17 23:46:51,1.2897,103.8501,80.46,91,75,0.0
435,North Platte,US,2021-10-17 23:44:25,41.1239,-100.7654,73.29,34,1,5.01
436,Talakan,RU,2021-10-17 23:47:51,50.3167,130.3667,26.53,40,7,3.4
437,San Luis,AR,2021-10-17 23:47:52,-33.295,-66.3356,60.1,43,30,11.72
438,Oga,IT,2021-10-17 23:47:53,46.4631,10.347,38.08,57,63,3.09
439,Lasa,IT,2021-10-17 23:47:53,46.6166,10.7002,45.48,54,59,3.76
440,Coquimbo,CL,2021-10-17 23:47:10,-29.9533,-71.3436,56.93,82,0,12.66
441,Dunedin,NZ,2021-10-17 23:47:54,-45.8742,170.5036,53.8,87,93,11.99
442,Nidzica,PL,2021-10-17 23:47:54,53.3605,20.4275,42.39,83,100,9.66
443,Norrkoping,SE,2021-10-17 23:47:54,58.5942,16.1826,34.38,77,2,6.91
444,Raga,SS,2021-10-17 23:47:55,8.4596,25.678,71.19,92,48,3.65
445,Lakkion,GR,2021-10-17 23:47:55,37.1333,26.85,65.7,74,3,14.54
446,Banjarmasin,ID,2021-10-17 23:47:56,-3.3244,114.591,75.34,95,94,1.7
447,Lahad Datu,MY,2021-10-17 23:47:56,5.0268,118.327,79.0,90,39,4.0
448,Naples,IT,2021-10-17 23:43:20,40.8333,14.25,61.75,72,0,3.0
449,Big Rapids,US,2021-10-17 23:47:56,43.6981,-85.4837,54.75,70,1,3.44
450,Aktau,KZ,2021-10-17 23:45:37,43.65,51.2,54.18,35,25,11.86
451,Sri Aman,MY,2021-10-17 23:47:57,1.2376,111.4621,75.25,94,100,3.44
452,Candeias,BR,2021-10-17 23:47:57,-20.7676,-45.2764,67.26,88,62,7.54
453,Porto Novo,BJ,2021-10-17 23:47:58,6.4965,2.6036,82.22,87,65,8.1
454,Liuhe,CN,2021-10-17 23:47:58,42.2401,125.7172,37.83,54,70,8.16
455,Upington,ZA,2021-10-17 23:47:58,-28.4478,21.2561,52.18,25,0,3.44
456,North Bend,US,2021-10-17 23:47:20,43.4065,-124.2243,53.94,96,90,5.75
457,Nizhnevartovsk,RU,2021-10-17 23:47:59,60.9344,76.5531,41.02,93,90,8.95
458,Tignere,CM,2021-10-17 23:47:59,7.3667,12.65,65.97,93,83,0.96
459,College,US,2021-10-17 23:47:59,64.8569,-147.8028,34.59,65,75,3.44
460,Khuzdar,PK,2021-10-17 23:48:00,27.7384,66.6434,61.27,13,0,5.53
461,Urucara,BR,2021-10-17 23:48:00,-2.5364,-57.76,75.52,94,93,6.08
462,Tortoli,IT,2021-10-17 23:48:01,39.9256,9.6572,57.02,72,0,12.66
463,Yantal,RU,2021-10-17 23:48:01,56.8471,105.2542,20.05,96,41,3.62
464,Kloulklubed,PW,2021-10-17 23:48:02,7.0419,134.2556,84.7,74,67,11.83
465,Grand Gaube,MU,2021-10-17 23:48:03,-20.0064,57.6608,73.8,78,14,5.99
466,Isabela,PH,2021-10-17 23:48:03,6.7085,121.9711,80.65,70,68,1.07
467,Asyut,EG,2021-10-17 23:48:04,27.181,31.1837,73.58,34,91,7.63
468,Ucluelet,CA,2021-10-17 23:46:05,48.9329,-125.5528,55.71,82,84,1.01
469,Evensk,RU,2021-10-17 23:48:04,61.95,159.2333,18.81,64,100,27.02
470,Wichita,US,2021-10-17 23:48:04,37.6922,-97.3375,74.66,41,1,11.5
471,Riyadh,SA,2021-10-17 23:47:03,24.6877,46.7219,77.14,28,0,5.79
472,Ekhabi,RU,2021-10-17 23:48:05,53.5102,142.9671,29.82,87,100,17.16
473,Kilkenny,IE,2021-10-17 23:46:50,52.6542,-7.2522,58.46,92,100,7.0
474,Husavik,IS,2021-10-17 23:48:05,66.0449,-17.3389,33.71,93,100,19.89
475,Kurdzhinovo,RU,2021-10-17 23:48:06,43.9884,40.9552,48.61,93,89,2.91
476,Whitehorse,CA,2021-10-17 23:48:06,60.7161,-135.0538,35.1,60,75,11.99
477,Taga,RO,2021-10-17 23:48:06,46.95,24.05,43.3,78,16,2.64
478,Nome,US,2021-10-17 23:44:26,64.5011,-165.4064,31.15,59,20,13.8
479,Bathsheba,BB,2021-10-17 23:48:07,13.2167,-59.5167,81.21,83,20,8.05
480,Sturgeon Falls,CA,2021-10-17 23:44:20,46.3646,-79.9326,50.9,72,94,6.11
481,Sao Filipe,CV,2021-10-17 23:47:59,14.8961,-24.4956,79.07,76,1,5.12
482,Abdulino,RU,2021-10-17 23:48:08,53.7,53.6667,46.47,81,100,3.69
483,Kommunisticheskiy,RU,2021-10-17 23:48:08,61.6789,64.4819,38.48,83,65,8.7
484,Udachnyy,RU,2021-10-17 23:48:08,66.4167,112.4,32.83,96,100,17.96
485,Shakawe,BW,2021-10-17 23:48:09,-18.3667,21.85,70.65,15,1,8.84
486,Grenaa,DK,2021-10-17 23:48:09,56.4158,10.8783,47.84,71,61,2.8
487,Arawa,PG,2021-10-17 23:48:09,-6.2132,155.5367,87.39,60,86,5.53
488,Srandakan,ID,2021-10-17 23:48:10,-7.9386,110.2506,65.73,76,68,2.64
489,Vallenar,CL,2021-10-17 23:48:10,-28.5708,-70.7581,66.74,46,0,2.1
490,Aras,ES,2021-10-17 23:48:11,42.5617,-2.356,57.06,97,20,2.3
491,Xinzhou,CN,2021-10-17 23:48:11,38.4092,112.7333,44.92,61,18,0.49
492,Lagoa,PT,2021-10-17 23:46:57,39.05,-27.9833,68.59,88,10,20.31
493,Sragen,ID,2021-10-17 23:48:11,-7.4264,111.0222,82.31,73,99,4.47
494,Sungaipenuh,ID,2021-10-17 23:48:12,-2.0833,101.3833,65.61,98,100,1.36
495,Muskegon,US,2021-10-17 23:48:12,43.3,-86.1334,58.86,59,1,8.05
496,Sao Felix Do Xingu,BR,2021-10-17 23:48:12,-6.6447,-51.995,73.54,86,92,3.2
497,Les Cayes,HT,2021-10-17 23:48:13,18.2,-73.75,79.47,79,68,1.77
498,Namtsy,RU,2021-10-17 23:48:13,62.7161,129.6658,19.51,90,65,4.94
499,Westport,US,2021-10-17 23:46:58,41.1415,-73.3579,58.96,71,75,8.01
500,Sawtell,AU,2021-10-17 23:48:14,-30.3833,153.1,74.19,57,100,11.5
501,Lumphat,KH,2021-10-17 23:48:14,13.4878,106.9816,74.05,98,88,3.85
502,Diapaga,BF,2021-10-17 23:48:14,12.0708,1.7889,82.35,53,99,9.1
503,Mao,ES,2021-10-17 23:48:15,39.8885,4.2658,63.16,72,0,3.44
504,Spring Hill,US,2021-10-17 23:48:15,28.4769,-82.5255,78.87,62,20,0.0
505,Marsh Harbour,BS,2021-10-17 23:48:15,26.5412,-77.0636,80.71,70,1,8.5
506,Aksarka,RU,2021-10-17 23:48:16,66.5606,67.7975,37.98,97,100,14.09
507,Mocuba,MZ,2021-10-17 23:48:16,-16.8392,36.9856,81.5,46,4,5.55
508,Birjand,IR,2021-10-17 23:48:17,32.8663,59.2211,41.47,10,0,4.61
509,Zwedru,LR,2021-10-17 23:48:17,6.0667,-8.1281,72.1,99,67,2.21
510,Matay,EG,2021-10-17 23:48:18,28.419,30.7792,72.77,55,95,11.81
511,Brae,GB,2021-10-17 23:47:03,60.3964,-1.353,49.91,76,85,14.67
512,San Bartolome De Tirajana,ES,2021-10-17 23:48:18,27.9248,-15.5733,67.32,33,0,6.91
513,Sioux Lookout,CA,2021-10-17 23:47:50,50.1001,-91.917,55.78,57,20,2.3
514,Arrifes,PT,2021-10-17 23:48:19,37.7667,-25.7,70.05,94,75,13.8
515,Vanimo,PG,2021-10-17 23:48:07,-2.6741,141.3028,85.39,65,86,8.05
516,Saint George,US,2021-10-17 23:47:34,37.1041,-113.5841,81.07,19,1,1.01
517,Huescar,ES,2021-10-17 23:48:19,37.811,-2.5412,60.94,71,89,0.2
518,Gargzdai,LT,2021-10-17 23:48:19,55.7128,21.4033,43.59,79,68,7.05
519,Xinqing,CN,2021-10-17 23:48:20,48.2333,129.5,27.16,58,55,1.97
520,Benjamin Constant,BR,2021-10-17 23:48:20,-4.3831,-70.0311,77.13,88,61,0.25
521,Beira,MZ,2021-10-17 23:48:20,-19.8436,34.8389,77.09,88,20,5.01
522,Channahon,US,2021-10-17 23:48:21,41.4295,-88.2287,62.4,56,1,1.01
523,Nata,PA,2021-10-17 23:48:21,8.3333,-80.5167,82.27,91,90,4.79
524,Kavieng,PG,2021-10-17 23:47:25,-2.5744,150.7967,85.33,68,24,12.44
525,Banda Aceh,ID,2021-10-17 23:48:22,5.5577,95.3222,80.24,68,100,4.0
526,Abhar,IR,2021-10-17 23:48:22,36.1468,49.218,55.47,26,28,6.55
527,San Pedro,PH,2021-10-17 23:48:22,14.35,121.0167,79.36,90,75,6.91
528,Egvekinot,RU,2021-10-17 23:47:26,66.3167,-179.1667,17.69,73,96,4.14
529,Manadhoo,MV,2021-10-17 23:48:19,5.7667,73.3833,80.85,78,100,20.47
530,Antalaha,MG,2021-10-17 23:48:23,-14.9003,50.2788,71.1,90,60,7.29
531,Bouar,CF,2021-10-17 23:48:23,5.934,15.596,66.09,98,100,1.34
532,Marsa Matruh,EG,2021-10-17 23:48:23,31.3525,27.2453,66.4,77,0,3.44
533,Leningradskiy,RU,2021-10-17 23:48:16,69.3833,178.4167,12.58,91,100,1.21
534,Lahore,PK,2021-10-17 23:44:59,31.5497,74.3436,73.38,83,40,4.61
535,Teya,RU,2021-10-17 23:48:24,60.3778,92.6267,34.02,95,90,3.83
536,Puerto Quijarro,BO,2021-10-17 23:48:24,-17.7833,-57.7667,84.9,49,95,1.3
537,Laguna,US,2021-10-17 23:46:22,38.421,-121.4238,75.7,44,1,8.99
538,Teguise,ES,2021-10-17 23:48:25,29.0605,-13.564,64.62,77,0,3.44
539,Zykovo,RU,2021-10-17 23:48:25,55.9519,93.1461,21.94,87,6,3.74
540,Atambua,ID,2021-10-17 23:48:26,-9.1061,124.8925,82.49,66,38,1.23
541,Fallon,US,2021-10-17 23:48:26,39.4735,-118.7774,71.47,12,75,17.27
542,Awjilah,LY,2021-10-17 23:48:26,29.1081,21.2869,68.5,44,0,7.45
543,Shilka,RU,2021-10-17 23:48:27,51.85,116.0333,22.03,78,12,2.24
544,Karachi,PK,2021-10-17 23:46:07,24.9056,67.0822,67.82,83,0,5.75
545,Larsnes,NO,2021-10-17 23:48:27,62.2028,5.5773,39.0,91,42,4.7
546,Ekibastuz,KZ,2021-10-17 23:47:03,51.6667,75.3667,40.71,57,10,8.14
547,Mangrol,IN,2021-10-17 23:47:38,21.1167,70.1167,78.44,73,88,12.82
548,Shakhtinsk,KZ,2021-10-17 23:48:28,49.71,72.5872,19.96,50,3,3.42
549,Hit,IQ,2021-10-17 23:48:28,33.6416,42.8251,71.91,39,9,8.81
550,Puerto Madryn,AR,2021-10-17 23:46:20,-42.7692,-65.0385,52.54,63,0,10.49
551,Mount Pleasant,US,2021-10-17 23:48:27,32.7941,-79.8626,63.99,65,1,0.0
552,Albacete,ES,2021-10-17 23:48:29,38.8333,-2.0,61.18,88,0,5.75
553,Shelbyville,US,2021-10-17 23:43:48,35.4834,-86.4603,59.72,71,1,0.0
554,Nichinan,JP,2021-10-17 23:48:29,31.6,131.3667,58.68,59,99,11.56
555,Botwood,CA,2021-10-17 23:48:29,49.1499,-55.3482,40.89,94,39,2.01
556,Aykhal,RU,2021-10-17 23:48:30,66.0,111.5,31.6,97,100,22.3
557,Kerema,PG,2021-10-17 23:48:30,-7.9631,145.7785,84.33,70,100,2.17
558,Bilma,NE,2021-10-17 23:48:30,18.6853,12.9164,83.77,26,87,8.68
559,Rorvik,NO,2021-10-17 23:48:31,64.8621,11.2373,46.44,69,98,23.58
560,Upata,VE,2021-10-17 23:48:31,8.0086,-62.3989,71.35,97,86,0.94
561,Bundaberg,AU,2021-10-17 23:48:10,-24.85,152.35,77.29,76,40,7.0
562,Hirara,JP,2021-10-17 23:48:32,24.8,125.2833,76.86,64,75,8.05
563,Gimli,CA,2021-10-17 23:48:32,50.6336,-96.9907,60.44,63,3,11.5
564,Benguela,AO,2021-10-17 23:48:33,-12.5763,13.4055,72.77,81,36,2.48
565,Iquique,CL,2021-10-17 23:47:47,-20.2208,-70.1431,59.04,78,76,4.61
566,Cabedelo,BR,2021-10-17 23:48:33,-6.9811,-34.8339,77.67,81,58,11.79
567,Balakhta,RU,2021-10-17 23:48:33,55.38,91.6,31.86,81,9,2.35
568,Bandarbeyla,SO,2021-10-17 23:48:34,9.4942,50.8122,75.88,89,58,11.92
569,Plettenberg Bay,ZA,2021-10-17 23:48:34,-34.0527,23.3716,51.71,77,53,4.54
570,Mutis,CO,2021-10-17 23:48:35,6.2262,-77.4044,77.41,89,98,2.98
571,Qaqortoq,GL,2021-10-17 23:48:35,60.7167,-46.0333,34.3,70,95,0.65
572,Mulanje,MW,2021-10-17 23:48:35,-16.0316,35.5,77.27,51,17,6.51
573,Tautira,PF,2021-10-17 23:48:36,-17.7333,-149.15,86.02,79,79,21.14
574,Dzaoudzi,YT,2021-10-17 23:48:36,-12.7887,45.2699,78.69,73,40,10.36
575,Ahar,IR,2021-10-17 23:48:37,38.4774,47.0699,51.66,41,0,4.97
576,Obigarm,TJ,2021-10-17 23:48:37,38.7173,69.7088,48.81,28,86,4.74
577,Storforshei,NO,2021-10-17 23:48:37,66.4043,14.5233,34.66,98,100,3.76
578,Nipawin,CA,2021-10-17 23:46:05,53.3668,-104.0009,62.64,39,1,6.91
579,Bosaso,SO,2021-10-17 23:47:15,11.2842,49.1816,83.7,46,3,3.98
580,Houma,US,2021-10-17 23:48:38,29.5958,-90.7195,71.6,59,43,6.53
581,Yura,PE,2021-10-17 23:48:38,-16.2522,-71.6797,57.72,41,0,9.22
582,Te Anau,NZ,2021-10-17 23:47:51,-45.4167,167.7167,57.6,70,82,1.95
583,Perth,AU,2021-10-17 23:46:24,-31.9333,115.8333,62.1,81,40,9.22
584,Port Macquarie,AU,2021-10-17 23:48:39,-31.4333,152.9167,75.88,52,95,12.08
585,Kupang,ID,2021-10-17 23:44:59,-10.1667,123.5833,84.78,74,20,3.44
586,Chiredzi,ZW,2021-10-17 23:48:39,-21.05,31.6667,67.69,82,92,10.07
587,Strelice,CZ,2021-10-17 23:48:40,49.1522,16.504,46.04,76,0,6.91
588,Rodino,RU,2021-10-17 23:48:40,52.5,80.25,36.05,77,7,5.39
589,New Amsterdam,GY,2021-10-17 23:48:41,6.25,-57.5167,79.41,80,99,5.3
590,Leua,SK,2021-10-17 23:48:41,48.2156,18.6071,46.49,82,57,2.57
591,Chifeng,CN,2021-10-17 23:48:01,42.2683,118.9636,41.99,32,100,3.83
592,Mackay,AU,2021-10-17 23:48:42,-21.15,149.2,89.69,58,21,18.41
593,Shahdol,IN,2021-10-17 23:48:42,23.2833,81.35,72.46,94,64,5.12
594,Diamantino,BR,2021-10-17 23:48:43,-14.4086,-56.4461,76.05,83,73,2.06
595,Cairns,AU,2021-10-17 23:47:30,-16.9167,145.7667,92.95,64,13,5.75
596,Nioro,GM,2021-10-17 23:48:43,13.35,-15.75,74.52,88,50,11.27
597,Qeshm,IR,2021-10-17 23:48:43,26.9581,56.2719,78.69,65,0,7.2
598,Kantunilkin,MX,2021-10-17 23:48:44,21.0917,-87.45,75.63,90,63,2.84
599,Abakaliki,NG,2021-10-17 23:48:44,6.3163,8.1169,75.24,91,67,6.17
600,Yafran,LY,2021-10-17 23:48:45,32.0633,12.5286,64.56,40,100,7.87
601,Presidencia Roque Saenz Pena,AR,2021-10-17 23:48:43,-26.7852,-60.4388,62.74,62,4,5.48
602,Birobidzhan,RU,2021-10-17 23:48:45,48.8,132.95,31.37,34,11,4.88
